2, 1.000000, 37, 0.006000
61, 3.635621, 303, 0.003000
130, 3.898349, 373, 0.003000
200, 3.884746, 424, 0.003000
254, 3.947050, 486, 0.004000
327, 4.012301, 542, 0.003000
433, 3.981107, 577, 0.004000
493, 3.995129, 625, 0.004000
512, 3.898381, 595, 0.008000
610, 3.976924, 683, 0.005000
710, 3.960645, 715, 0.005000
760, 3.961886, 757, 0.008000
884, 4.027279, 826, 0.006000
865, 3.973358, 809, 0.003000
942, 3.950666, 830, 0.006000
990, 4.001606, 877, 0.004000
1092, 3.978104, 924, 0.004000
1172, 3.980079, 965, 0.005000
1159, 3.971252, 957, 0.005000
1289, 3.972469, 1022, 0.006000
1409, 3.991218, 1087, 0.004000
1411, 3.998151, 1089, 0.007000
1461, 3.994190, 1114, 0.006000
1568, 3.978663, 1163, 0.006000
1596, 3.977885, 1180, 0.031000
1716, 3.969049, 1236, 0.012000
1781, 3.989404, 1272, 0.010000
1813, 3.958684, 1281, 0.008000
1861, 3.980059, 1309, 0.006000
2011, 3.972332, 1384, 0.005000
2049, 3.999563, 1409, 0.007000
2118, 3.999820, 1443, 0.005000
2204, 3.974131, 1481, 0.006000
2207, 3.987342, 1488, 0.006000
2301, 3.968265, 1529, 0.006000
2302, 3.976700, 1534, 0.006000
2467, 3.970043, 1611, 0.006000
2450, 3.988445, 1610, 0.005000
2580, 3.984071, 1674, 0.005000
2664, 3.963416, 1710, 0.005000
2792, 3.963544, 1772, 0.007000
2690, 3.958367, 1722, 0.006000
2836, 3.973984, 1798, 0.007000
2982, 3.999454, 1881, 0.004000
2940, 3.984953, 1854, 0.005000
3018, 3.975635, 1892, 0.040000
3091, 3.965683, 1921, 0.004000
3187, 3.981035, 1980, 0.005000
3165, 3.985455, 1968, 0.005000
3210, 3.987386, 1993, 0.007000
3391, 4.004624, 2088, 0.006000
3325, 3.981863, 2047, 0.004000
3492, 3.984370, 2131, 0.004000
3512, 3.986420, 2141, 0.004000
3752, 3.998681, 2270, 0.007000
3657, 3.980873, 2217, 0.005000
3695, 3.973006, 2227, 0.007000
3819, 4.001003, 2305, 0.005000
4012, 3.998961, 2400, 0.006000
3930, 3.974192, 2347, 0.007000
4132, 4.001102, 2462, 0.006000
4003, 3.963269, 2381, 0.006000
4208, 3.997196, 2498, 0.006000
4331, 4.001460, 2560, 0.006000
4318, 3.980443, 2548, 0.007000
4425, 3.980891, 2600, 0.006000
4356, 3.985727, 2568, 0.006000
4679, 3.996221, 2734, 0.005000
4571, 3.998909, 2683, 0.006000
4760, 3.994035, 2772, 0.005000
4702, 3.969624, 2729, 0.008000
4786, 3.964981, 2772, 0.006000
4828, 3.979434, 2797, 0.006000
4937, 3.991859, 2866, 0.008000
4873, 3.977383, 2820, 0.006000
5072, 3.987338, 2929, 0.007000
5321, 3.991772, 3056, 0.006000
5208, 3.985692, 2994, 0.008000
5234, 3.992903, 3016, 0.007000
5236, 3.987942, 3010, 0.004000
5397, 3.986025, 3091, 0.007000
5463, 3.994106, 3125, 0.006000
5712, 3.997229, 3255, 0.007000
5732, 3.988781, 3260, 0.008000
5630, 3.981680, 3209, 0.007000
5828, 3.986814, 3306, 0.006000
5787, 3.988227, 3286, 0.008000
5987, 3.993199, 3389, 0.007000
6163, 3.989934, 3478, 0.010000
6096, 3.983833, 3436, 0.006000
6095, 3.984130, 3444, 0.007000
6158, 3.984433, 3470, 0.044000
6515, 4.009779, 3667, 0.007000
6350, 3.989168, 3579, 0.007000
6281, 3.994130, 3544, 0.008000
6470, 3.988535, 3635, 0.007000
6389, 3.990161, 3590, 0.007000
6668, 3.988190, 3731, 0.008000
6623, 4.000731, 3714, 0.007000
6673, 3.980611, 3728, 0.004000
6598, 3.979489, 3688, 0.006000
6825, 3.992905, 3816, 0.006000
6936, 3.988266, 3866, 0.008000
7117, 3.982839, 3952, 0.010000
7214, 3.997755, 4016, 0.006000
7066, 3.984767, 3932, 0.007000
7074, 3.968834, 3920, 0.007000
7205, 3.992588, 4004, 0.008000
7234, 3.991392, 4020, 0.017000
7492, 3.996009, 4157, 0.006000
7545, 3.993897, 4176, 0.006000
7477, 3.981637, 4131, 0.007000
7660, 3.978337, 4218, 0.010000
7575, 3.982358, 4185, 0.008000
7747, 3.993394, 4281, 0.011000
7894, 3.994567, 4351, 0.006000
7815, 3.988863, 4311, 0.008000
7926, 3.985828, 4371, 0.010000
8005, 3.984864, 4401, 0.008000
8056, 3.983294, 4429, 0.009000
8325, 3.988208, 4565, 0.009000
8256, 3.989989, 4531, 0.010000
8309, 3.989885, 4561, 0.007000
8336, 3.995852, 4580, 0.007000
8385, 3.988584, 4598, 0.008000
8373, 3.986041, 4582, 0.009000
8628, 3.996999, 4728, 0.009000
8595, 3.990773, 4706, 0.008000
8831, 3.990549, 4823, 0.009000
8838, 4.002531, 4842, 0.009000
8866, 3.980928, 4825, 0.009000
8748, 3.989753, 4782, 0.008000
8967, 3.989402, 4886, 0.009000
9040, 3.996617, 4936, 0.009000
9167, 3.995538, 4995, 0.009000
9031, 3.986693, 4918, 0.009000
9114, 3.975572, 4951, 0.010000
9340, 3.992494, 5080, 0.006000
9209, 3.973044, 4991, 0.010000
9213, 3.996866, 5019, 0.008000
9423, 3.990245, 5122, 0.011000
9569, 3.997483, 5201, 0.012000
9741, 3.986712, 5277, 0.007000
9872, 3.990864, 5341, 0.009000
9687, 3.984195, 5245, 0.009000
9680, 3.984238, 5240, 0.009000
9895, 3.988298, 5353, 0.012000
9860, 3.979112, 5324, 0.010000
9947, 3.996696, 5393, 0.012000
10148, 3.986026, 5477, 0.011000
10195, 3.989149, 5510, 0.010000
10381, 3.993230, 5609, 0.011000
10239, 3.981320, 5518, 0.007000
10530, 4.000757, 5688, 0.011000
10319, 3.984070, 5560, 0.011000
10528, 3.979574, 5663, 0.013000
10455, 3.986702, 5634, 0.008000
10726, 3.993910, 5779, 0.008000
10722, 3.986757, 5774, 0.008000
10546, 3.985697, 5681, 0.011000
10871, 3.992966, 5854, 0.009000
11028, 3.983550, 5920, 0.010000
11107, 4.000672, 5983, 0.012000
10937, 3.977375, 5867, 0.008000
10919, 3.988625, 5869, 0.009000
11130, 3.975377, 5956, 0.010000
11080, 3.979344, 5936, 0.015000
11177, 3.988925, 6006, 0.012000
11308, 3.991389, 6071, 0.013000
11527, 3.994958, 6189, 0.012000
11428, 3.978975, 6116, 0.009000
11700, 3.999952, 6286, 0.011000
11576, 3.987355, 6198, 0.012000
11924, 3.998026, 6396, 0.013000
11842, 3.983068, 6327, 0.014000
11818, 3.990754, 6322, 0.014000
11841, 3.983139, 6326, 0.012000
12238, 3.995379, 6541, 0.011000
12007, 3.981125, 6410, 0.016000
12298, 4.001897, 6587, 0.011000
12188, 3.996025, 6519, 0.009000
12101, 3.980927, 6459, 0.010000
12296, 3.988052, 6565, 0.014000
12749, 4.000713, 6806, 0.013000
12559, 3.983576, 6696, 0.010000
12595, 3.983769, 6706, 0.012000
12369, 3.981023, 6590, 0.010000
12597, 3.979738, 6699, 0.013000
12789, 3.989977, 6818, 0.012000
12778, 3.989977, 6804, 0.012000
12768, 3.983226, 6785, 0.013000
13194, 3.996803, 7029, 0.012000
12905, 3.983720, 6863, 0.011000
12867, 3.990589, 6851, 0.017000
12910, 3.985372, 6870, 0.008000
13258, 3.989468, 7051, 0.008000
13145, 3.986253, 6986, 0.012000
13388, 3.997308, 7121, 0.011000
13178, 3.981100, 7004, 0.011000
13570, 3.998785, 7223, 0.012000
13478, 3.982133, 7153, 0.011000
13796, 3.993142, 7324, 0.011000
13728, 3.991029, 7295, 0.012000
13880, 3.995553, 7376, 0.012000
13951, 3.992065, 7402, 0.013000
13949, 3.996382, 7405, 0.012000
13885, 3.979700, 7357, 0.012000
13962, 3.991256, 7405, 0.012000
13946, 3.982088, 7382, 0.010000
14135, 3.994726, 7498, 0.011000
14119, 3.990132, 7499, 0.048000
14213, 3.978053, 7514, 0.011000
14303, 3.989994, 7576, 0.011000
14197, 3.986737, 7521, 0.013000
14764, 3.992645, 7812, 0.014000
14310, 3.973438, 7554, 0.012000
14855, 3.991575, 7854, 0.012000
14712, 3.992366, 7782, 0.011000
14693, 3.981154, 7751, 0.013000
14586, 3.994394, 7727, 0.013000
14817, 3.991967, 7841, 0.008000
14778, 3.992684, 7820, 0.012000
14995, 3.987678, 7923, 0.013000
15060, 3.995555, 7964, 0.014000
15223, 3.989566, 8043, 0.010000
15226, 3.994205, 8051, 0.013000
15386, 3.991467, 8119, 0.012000
15400, 3.991969, 8132, 0.012000
15523, 3.988618, 8184, 0.012000
15494, 3.992599, 8184, 0.010000
15622, 3.990396, 8233, 0.012000
15803, 3.985285, 8319, 0.014000
15574, 3.993763, 8227, 0.013000
15708, 3.991694, 8295, 0.012000
15554, 3.986300, 8199, 0.014000
16024, 3.989096, 8445, 0.019000
16210, 3.991490, 8535, 0.009000
16064, 3.993345, 8463, 0.012000
16245, 3.985720, 8544, 0.013000
16212, 3.992752, 8543, 0.014000
16319, 3.986173, 8589, 0.012000
16237, 3.990741, 8544, 0.013000
16713, 4.006379, 8817, 0.012000
16387, 3.992556, 8629, 0.012000
16569, 3.987454, 8713, 0.012000
16372, 3.985184, 8616, 0.013000
16739, 3.987290, 8799, 0.012000
16822, 3.983856, 8830, 0.014000
16987, 3.998239, 8938, 0.010000
16741, 3.979287, 8787, 0.012000
16867, 3.998316, 8879, 0.013000
17077, 3.985340, 8963, 0.013000
17200, 3.993057, 9044, 0.013000
17181, 3.992910, 9031, 0.013000
17123, 3.991035, 8996, 0.013000
17194, 3.991414, 9031, 0.013000
17135, 3.982164, 8992, 0.014000
17362, 3.986571, 9104, 0.012000
17441, 3.985617, 9153, 0.012000
17482, 3.982017, 9158, 0.013000
17562, 3.988241, 9216, 0.014000
17600, 3.986841, 9231, 0.010000
17812, 3.979763, 9326, 0.013000
18064, 3.994788, 9491, 0.015000
17851, 3.993045, 9368, 0.013000
17778, 3.984908, 9310, 0.010000
18051, 3.995686, 9484, 0.015000
18089, 3.986699, 9470, 0.012000
18024, 3.985268, 9434, 0.014000
18247, 3.985603, 9547, 0.013000
18458, 3.988552, 9661, 0.017000
18438, 3.997487, 9680, 0.011000
18416, 3.986719, 9635, 0.015000
18442, 3.987581, 9655, 0.018000
18407, 3.985587, 9634, 0.013000
18725, 3.987095, 9791, 0.015000
18392, 3.974587, 9599, 0.013000
18563, 3.983985, 9705, 0.015000
19015, 3.992166, 9953, 0.014000
18909, 3.987638, 9887, 0.014000
19067, 3.993205, 9982, 0.015000
19033, 3.980651, 9936, 0.009000
19401, 3.994767, 10151, 0.015000
19306, 3.990403, 10095, 0.013000
19253, 3.990398, 10070, 0.013000
19464, 3.991706, 10183, 0.014000
19452, 3.996273, 10184, 0.015000
19305, 3.985240, 10082, 0.014000
19426, 3.992742, 10163, 0.013000
19328, 3.982246, 10091, 0.014000
19498, 3.989270, 10184, 0.013000
19491, 3.993330, 10192, 0.012000
19817, 3.994989, 10364, 0.012000
19850, 3.995858, 10386, 0.014000
19613, 3.985307, 10236, 0.014000
19948, 3.987352, 10414, 0.014000
20143, 3.992458, 10525, 0.014000
20180, 3.981917, 10517, 0.014000
20227, 3.999612, 10578, 0.014000
20535, 3.995216, 10727, 0.013000
20278, 3.991741, 10590, 0.012000
20483, 3.994574, 10697, 0.013000
20339, 3.988545, 10615, 0.009000
20441, 3.988400, 10668, 0.014000
20270, 3.981387, 10568, 0.012000
20324, 3.991714, 10611, 0.013000
20775, 3.989101, 10829, 0.011000
21213, 3.995468, 11071, 0.015000
20794, 3.987572, 10836, 0.014000
20648, 3.984121, 10750, 0.052000
20942, 3.989701, 10915, 0.012000
21087, 3.985840, 10979, 0.011000
21217, 3.991917, 11059, 0.014000
20970, 3.990493, 10928, 0.012000
21400, 3.992903, 11158, 0.012000
21405, 3.990273, 11147, 0.014000
21205, 3.989792, 11049, 0.014000
21503, 3.984425, 11189, 0.015000
21714, 3.995497, 11312, 0.014000
21432, 3.981812, 11147, 0.014000
21707, 3.996384, 11316, 0.013000
21936, 3.998696, 11456, 0.010000
21480, 3.982927, 11172, 0.014000
21978, 3.992184, 11443, 0.013000
21984, 3.992816, 11452, 0.015000
22101, 3.986413, 11492, 0.013000
22063, 3.997378, 11500, 0.014000
21991, 3.982549, 11421, 0.015000
22264, 3.983950, 11574, 0.014000
22250, 3.987144, 11579, 0.015000
22274, 3.988627, 11593, 0.013000
22472, 3.983137, 11673, 0.013000
22636, 3.993618, 11788, 0.014000
22534, 3.980272, 11690, 0.013000
22943, 3.978395, 11890, 0.014000
22506, 3.990171, 11708, 0.013000
22632, 3.986288, 11759, 0.017000
22618, 3.984858, 11757, 0.014000
22526, 3.980666, 11683, 0.011000
22603, 3.980026, 11728, 0.014000
23059, 3.983635, 11966, 0.016000
23272, 3.992446, 12103, 0.013000
23169, 3.985752, 12028, 0.012000
23017, 3.988041, 11963, 0.014000
23181, 3.985119, 12032, 0.011000
23580, 3.987203, 12240, 0.015000
23209, 3.987186, 12049, 0.015000
23720, 3.990432, 12311, 0.016000
23663, 3.991837, 12289, 0.014000
23696, 3.983009, 12286, 0.014000
23480, 3.978817, 12164, 0.016000
23645, 3.986647, 12265, 0.014000
23923, 3.991184, 12422, 0.015000
24092, 3.993519, 12516, 0.014000
24256, 3.991887, 12592, 0.015000
24158, 3.996032, 12551, 0.015000
24002, 3.990735, 12454, 0.017000
24119, 3.990473, 12518, 0.023000
24363, 3.992950, 12652, 0.016000
24208, 3.986914, 12559, 0.015000
24236, 3.984964, 12562, 0.015000
24702, 3.997992, 12830, 0.014000
24388, 3.992064, 12657, 0.014000
24588, 3.991723, 12754, 0.015000
24501, 3.984519, 12695, 0.017000
24964, 3.992148, 12950, 0.015000
24726, 3.987341, 12815, 0.012000
25079, 3.995285, 13009, 0.014000
24504, 3.984601, 12700, 0.015000
24861, 3.986585, 12879, 0.016000
24840, 3.985622, 12864, 0.015000
25081, 3.994317, 13005, 0.013000
25380, 3.991850, 13158, 0.015000
25361, 3.989940, 13141, 0.016000
25404, 3.991122, 13159, 0.015000
25570, 3.987225, 13238, 0.015000
25599, 3.985564, 13237, 0.016000
25463, 3.992413, 13204, 0.013000
25841, 3.985611, 13365, 0.015000
25674, 3.988295, 13293, 0.017000
25978, 3.991713, 13463, 0.016000
25974, 3.989828, 13453, 0.012000
25777, 3.988502, 13347, 0.015000
26008, 3.989512, 13461, 0.014000
26202, 3.994508, 13577, 0.016000
25815, 3.982904, 13340, 0.016000
26446, 3.993348, 13705, 0.018000
26265, 3.986805, 13586, 0.013000
26038, 3.983582, 13465, 0.017000
26012, 3.990300, 13475, 0.015000
26339, 3.987989, 13637, 0.014000
26596, 3.990891, 13770, 0.014000
26516, 3.987566, 13722, 0.015000
26547, 3.983726, 13718, 0.012000
26532, 3.981388, 13704, 0.016000
26739, 3.990058, 13836, 0.014000
26911, 3.992486, 13930, 0.018000
26879, 3.986852, 13899, 0.024000
26918, 3.990629, 13924, 0.023000
26824, 3.984044, 13867, 0.013000
27090, 3.994418, 14033, 0.016000
26904, 3.984947, 13903, 0.017000
26975, 3.983500, 13945, 0.017000
27382, 3.990704, 14167, 0.015000
27442, 3.991837, 14199, 0.018000
27252, 3.990206, 14094, 0.016000
27584, 3.991256, 14274, 0.015000
27773, 3.994143, 14377, 0.016000
27528, 3.991375, 14243, 0.015000
27769, 3.988452, 14358, 0.015000
27921, 3.996227, 14449, 0.016000
27656, 3.988798, 14280, 0.015000
28153, 3.990992, 14550, 0.014000
27890, 3.993314, 14430, 0.014000
27998, 3.986597, 14451, 0.016000
28279, 3.991839, 14612, 0.012000
27929, 3.988612, 14438, 0.015000
28416, 3.993634, 14694, 0.022000
28253, 3.986886, 14591, 0.016000
28431, 3.991997, 14689, 0.016000
28197, 3.989213, 14555, 0.014000
28502, 3.992124, 14726, 0.017000
28432, 3.986942, 14675, 0.015000
28609, 3.983057, 14758, 0.016000
28671, 3.986226, 14801, 0.016000
29085, 3.995220, 15040, 0.017000
28557, 3.988595, 14749, 0.015000
28729, 3.991697, 14837, 0.017000
28679, 3.983681, 14797, 0.015000
29234, 3.993448, 15109, 0.013000
29053, 3.990550, 14999, 0.020000
29571, 3.992115, 15270, 0.018000
29095, 3.986712, 15018, 0.018000
29048, 3.991312, 14992, 0.014000
29403, 3.990471, 15185, 0.017000
29495, 3.990129, 15226, 0.019000
29056, 3.985395, 14990, 0.021000
29868, 3.984293, 15387, 0.021000
29213, 3.989174, 15086, 0.015000
29618, 3.987803, 15278, 0.016000
29380, 3.989799, 15170, 0.018000
30058, 3.987356, 15491, 0.018000
29945, 3.989923, 15460, 0.016000
29941, 3.986647, 15434, 0.012000
30179, 3.990906, 15582, 0.017000
30267, 3.987601, 15603, 0.017000
30099, 3.987938, 15519, 0.016000
29884, 3.984030, 15391, 0.012000
30459, 3.984036, 15686, 0.015000
30691, 3.994598, 15846, 0.017000
30359, 3.984391, 15641, 0.020000
30223, 3.987798, 15585, 0.015000
30263, 3.986344, 15597, 0.018000
30684, 3.992720, 15842, 0.018000
30947, 3.992505, 15971, 0.017000
30893, 3.988591, 15922, 0.012000
30819, 3.986514, 15879, 0.018000
30711, 3.981678, 15806, 0.014000
31121, 3.996319, 16073, 0.018000
30951, 3.989891, 15950, 0.014000
31232, 3.984756, 16073, 0.020000
30866, 3.989503, 15913, 0.019000
31104, 3.988327, 16026, 0.020000
31394, 3.992310, 16190, 0.013000
31313, 3.986564, 16128, 0.017000
31374, 3.986931, 16154, 0.015000
31352, 3.983135, 16135, 0.016000
31770, 3.991965, 16378, 0.016000
31851, 3.991845, 16411, 0.016000
31345, 3.982872, 16134, 0.018000
31707, 3.979929, 16304, 0.019000
31903, 3.984666, 16411, 0.017000
31904, 3.986006, 16427, 0.016000
31663, 3.992387, 16331, 0.018000
32491, 3.998052, 16753, 0.016000
31777, 3.980111, 16333, 0.018000
32347, 3.990457, 16655, 0.019000
32412, 3.994015, 16701, 0.018000
32515, 3.991455, 16748, 0.017000
32483, 3.986014, 16722, 0.017000
32289, 3.990856, 16639, 0.014000
32480, 3.992440, 16741, 0.020000
32782, 3.986888, 16866, 0.021000
32727, 3.990418, 16842, 0.018000
33090, 3.996772, 17060, 0.019000
32786, 3.989378, 16887, 0.017000
32477, 3.986621, 16714, 0.019000
32985, 3.988465, 16973, 0.018000
32823, 3.990753, 16905, 0.017000
33355, 3.993720, 17182, 0.019000
33152, 3.985495, 17056, 0.018000
33004, 3.989240, 16983, 0.017000
33082, 3.987054, 17021, 0.017000
33286, 3.988864, 17143, 0.018000
33783, 3.986400, 17352, 0.020000
33764, 3.989088, 17368, 0.017000
33444, 3.988560, 17210, 0.017000
34143, 3.990504, 17559, 0.016000
33771, 3.991277, 17390, 0.017000
33702, 3.990563, 17350, 0.017000
33822, 3.985402, 17373, 0.019000
34008, 3.987973, 17488, 0.018000
33734, 3.988225, 17355, 0.022000
33764, 3.991657, 17381, 0.019000
33800, 3.986807, 17377, 0.017000
34137, 3.991947, 17570, 0.016000
34463, 3.987999, 17712, 0.048000
34323, 3.986302, 17639, 0.015000
34350, 3.992768, 17671, 0.021000
34292, 3.983272, 17610, 0.019000
34257, 3.984033, 17601, 0.015000
34328, 3.984972, 17627, 0.018000
34537, 3.987764, 17759, 0.016000
35159, 3.985624, 18057, 0.019000
34458, 3.983209, 17698, 0.020000
34974, 3.989446, 17981, 0.019000
34960, 3.986849, 17958, 0.019000
34966, 3.988950, 17977, 0.017000
34893, 3.983145, 17905, 0.013000
34984, 3.984781, 17981, 0.023000
35323, 3.996382, 18189, 0.018000
35265, 3.993067, 18144, 0.018000
35540, 3.991535, 18279, 0.015000
35347, 3.987738, 18165, 0.019000
35653, 3.994395, 18343, 0.017000
35834, 3.994774, 18433, 0.018000
35532, 3.989234, 18262, 0.020000
35637, 3.988542, 18315, 0.024000
35783, 3.994075, 18406, 0.022000
35802, 3.983859, 18377, 0.018000
35846, 3.983973, 18391, 0.018000
36068, 3.993533, 18541, 0.018000
36047, 3.992908, 18537, 0.018000
36079, 3.985679, 18533, 0.018000
36211, 3.987450, 18600, 0.017000
36193, 3.992632, 18608, 0.043000
36111, 3.990700, 18554, 0.018000
36470, 3.988630, 18726, 0.022000
36616, 3.995078, 18832, 0.017000
36502, 3.989417, 18749, 0.018000
36716, 3.989290, 18839, 0.017000
36669, 3.983364, 18793, 0.019000
36522, 3.990788, 18766, 0.020000
36650, 3.994801, 18842, 0.017000
36632, 3.985532, 18793, 0.015000
36696, 3.979593, 18802, 0.021000
37307, 3.983935, 19126, 0.018000
37116, 3.992004, 19058, 0.021000
37089, 3.988348, 19047, 0.018000
37249, 3.991293, 19130, 0.018000
36937, 3.981161, 18934, 0.019000
37494, 3.987133, 19234, 0.019000
37546, 3.993518, 19304, 0.021000
37458, 3.991021, 19238, 0.019000
37301, 3.988797, 19144, 0.019000
37819, 3.989390, 19404, 0.021000
37614, 3.984209, 19284, 0.021000
37631, 3.988256, 19324, 0.017000
37757, 3.990384, 19392, 0.017000
37615, 3.989481, 19310, 0.019000
37882, 3.986149, 19417, 0.021000
37855, 3.989646, 19440, 0.023000
37936, 3.982032, 19434, 0.053000
38027, 3.986465, 19503, 0.016000
38463, 3.998092, 19774, 0.019000
37956, 3.989074, 19475, 0.022000
38470, 3.992165, 19754, 0.014000
38310, 3.988878, 19664, 0.020000
38465, 3.990161, 19744, 0.020000
38550, 3.985726, 19761, 0.019000
38717, 3.990391, 19870, 0.018000
38536, 3.990098, 19781, 0.017000
38409, 3.988530, 19716, 0.019000
38927, 3.988969, 19955, 0.017000
38805, 3.984759, 19875, 0.024000
39144, 3.990245, 20074, 0.020000
38905, 3.982358, 19914, 0.023000
38755, 3.985920, 19866, 0.021000
38916, 3.988872, 19963, 0.019000
39050, 3.993397, 20044, 0.018000
39340, 3.990265, 20177, 0.021000
39179, 3.985302, 20086, 0.020000
39118, 3.979829, 20021, 0.020000
39588, 3.990071, 20303, 0.020000
39521, 3.990953, 20283, 0.025000
39596, 3.989825, 20303, 0.023000
39616, 3.987966, 20310, 0.020000
39664, 3.987766, 20320, 0.020000
39648, 3.987747, 20332, 0.020000
39927, 3.988075, 20466, 0.021000
39908, 3.984498, 20441, 0.017000
39903, 3.986264, 20451, 0.018000
40241, 3.996752, 20672, 0.021000
40085, 3.983441, 20524, 0.020000
40032, 3.988672, 20533, 0.019000
39913, 3.991710, 20483, 0.021000
40755, 3.990308, 20888, 0.017000
40303, 3.984520, 20633, 0.020000
40202, 3.983976, 20589, 0.024000
40594, 3.986079, 20793, 0.020000
40577, 3.986760, 20776, 0.019000
40101, 3.979130, 20513, 0.022000
40897, 3.992488, 20979, 0.020000
40897, 3.989404, 20958, 0.021000
40710, 3.989435, 20870, 0.020000
41423, 3.990113, 21225, 0.019000
41191, 3.987639, 21097, 0.016000
41306, 3.993008, 21178, 0.024000
41185, 3.989722, 21105, 0.015000
41720, 3.993966, 21392, 0.023000
41375, 3.988818, 21203, 0.020000
41880, 3.994961, 21475, 0.021000
41509, 3.999332, 21322, 0.016000
41783, 3.991463, 21424, 0.021000
41862, 3.998037, 21500, 0.062000
41686, 3.988536, 21339, 0.016000
41434, 3.985999, 21206, 0.020000
41798, 3.991474, 21425, 0.021000
41690, 3.987528, 21337, 0.019000
41731, 3.982944, 21352, 0.021000
42220, 3.992376, 21641, 0.020000
42107, 3.986634, 21551, 0.021000
42154, 3.990462, 21591, 0.020000
41882, 3.989433, 21445, 0.017000
42239, 3.989366, 21641, 0.020000
42268, 3.989238, 21642, 0.023000
42555, 3.990662, 21801, 0.018000
42238, 3.991046, 21634, 0.021000
42779, 3.984374, 21885, 0.024000
42622, 3.992413, 21843, 0.022000
42420, 3.984685, 21704, 0.023000
42991, 3.992319, 22029, 0.023000
42709, 3.986020, 21859, 0.024000
42561, 3.983778, 21779, 0.024000
42787, 3.986145, 21894, 0.020000
42830, 3.991519, 21954, 0.022000
42926, 3.989752, 21981, 0.021000
43044, 3.986426, 22012, 0.018000
42673, 3.985954, 21837, 0.022000
43138, 3.993240, 22116, 0.021000
43889, 3.991859, 22488, 0.022000
43395, 3.992100, 22225, 0.024000
43909, 3.994926, 22510, 0.025000
43917, 3.995489, 22511, 0.019000
43458, 3.989900, 22255, 0.024000
43551, 3.994734, 22326, 0.019000
44051, 3.991011, 22559, 0.022000
43999, 3.984732, 22504, 0.020000
43562, 3.986701, 22292, 0.023000
43987, 3.991769, 22529, 0.017000
43998, 3.986189, 22501, 0.023000
44011, 3.990379, 22530, 0.018000
44691, 3.993999, 22897, 0.020000
44053, 3.988064, 22560, 0.026000
44540, 3.990818, 22808, 0.020000
44072, 3.988641, 22549, 0.022000
44051, 3.989765, 22555, 0.021000
44228, 3.982001, 22595, 0.022000
44548, 3.989427, 22813, 0.024000
44836, 3.995184, 22978, 0.020000
45143, 3.988017, 23085, 0.024000
44563, 3.992371, 22822, 0.020000
44947, 3.995074, 23026, 0.020000
44820, 3.982253, 22900, 0.020000
44695, 3.990786, 22881, 0.022000
45110, 3.989055, 23073, 0.025000
45032, 3.987474, 23029, 0.052000
45005, 3.991513, 23033, 0.021000
45234, 3.990496, 23151, 0.016000
45299, 3.985764, 23147, 0.021000
45294, 3.991937, 23193, 0.020000
45466, 3.993599, 23296, 0.019000
45130, 3.986740, 23076, 0.023000
45510, 3.989887, 23282, 0.021000
45513, 3.987561, 23278, 0.025000
45124, 3.983414, 23057, 0.022000
45414, 3.984815, 23216, 0.021000
45906, 3.988105, 23477, 0.021000
45674, 3.987468, 23364, 0.022000
45410, 3.985116, 23219, 0.022000
45856, 3.989223, 23449, 0.018000
45819, 3.994161, 23467, 0.016000
45864, 3.987326, 23471, 0.022000
45940, 3.989126, 23495, 0.025000
46212, 3.989901, 23633, 0.024000
46183, 3.985920, 23605, 0.025000
46056, 3.987870, 23554, 0.027000
46348, 3.997597, 23753, 0.022000
46797, 3.990524, 23930, 0.020000
46832, 3.988385, 23940, 0.019000
46574, 3.989287, 23825, 0.021000
47290, 3.991938, 24195, 0.020000
46555, 3.986705, 23796, 0.023000
46995, 3.990258, 24034, 0.024000
47126, 3.989074, 24091, 0.021000
47266, 3.989685, 24170, 0.050000
47162, 3.988335, 24108, 0.027000
47102, 3.990278, 24099, 0.024000
46853, 3.982614, 23923, 0.016000
47380, 3.989358, 24238, 0.021000
47369, 3.993687, 24254, 0.021000
47326, 3.987351, 24172, 0.023000
47775, 3.990366, 24423, 0.021000
47520, 3.990765, 24301, 0.027000
47729, 3.990508, 24403, 0.024000
47620, 3.985438, 24313, 0.018000
47930, 3.989036, 24500, 0.025000
48141, 3.993186, 24633, 0.022000
47878, 3.987198, 24446, 0.024000
47918, 3.986976, 24475, 0.022000
47991, 3.991338, 24544, 0.025000
48318, 3.993869, 24714, 0.021000
48593, 3.995887, 24875, 0.023000
48479, 3.994526, 24797, 0.022000
48332, 3.990280, 24698, 0.028000
48577, 3.995143, 24863, 0.025000
48454, 3.984461, 24731, 0.021000
48505, 3.988316, 24782, 0.017000
48350, 3.992353, 24719, 0.025000
48445, 3.987604, 24757, 0.022000
48750, 3.991176, 24932, 0.024000
48628, 3.988517, 24856, 0.022000
49127, 3.997185, 25148, 0.051000
48762, 3.986249, 24897, 0.024000
49445, 3.989314, 25266, 0.022000
49449, 3.991160, 25290, 0.026000
48861, 3.987624, 24948, 0.022000
49732, 3.993006, 25431, 0.023000
49030, 3.985926, 25038, 0.025000
49393, 3.983015, 25204, 0.024000
49349, 3.990267, 25225, 0.022000
48908, 3.987129, 24984, 0.022000
49376, 3.988297, 25225, 0.021000
49562, 3.990043, 25326, 0.024000
49619, 3.988843, 25344, 0.022000
49973, 3.991459, 25551, 0.024000
49932, 3.986048, 25486, 0.025000
49946, 3.989789, 25515, 0.024000
50351, 3.992938, 25744, 0.024000
49594, 3.982043, 25314, 0.027000
50053, 3.987874, 25547, 0.025000
50334, 3.989640, 25706, 0.025000
50645, 3.995078, 25892, 0.028000
49998, 3.990724, 25559, 0.023000
49932, 3.991242, 25525, 0.026000
50650, 3.986024, 25837, 0.020000
50343, 3.990149, 25714, 0.023000
51061, 3.992094, 26092, 0.023000
51010, 3.990132, 26049, 0.025000
50741, 3.989527, 25916, 0.024000
51157, 3.996349, 26165, 0.020000
51202, 3.995209, 26181, 0.025000
51335, 3.987871, 26201, 0.020000
51379, 3.991397, 26247, 0.021000
51014, 3.984798, 26021, 0.024000
51087, 3.993888, 26131, 0.023000
51197, 3.992396, 26175, 0.028000
50793, 3.986286, 25937, 0.022000
51822, 3.994806, 26509, 0.030000
51050, 3.992081, 26082, 0.025000
51458, 3.985840, 26260, 0.021000
51987, 3.991476, 26554, 0.022000
51498, 3.988535, 26286, 0.031000
51725, 3.988204, 26404, 0.022000
51844, 3.988426, 26470, 0.025000
51972, 3.993955, 26574, 0.024000
51945, 3.994137, 26552, 0.020000
51761, 3.991034, 26434, 0.025000
51899, 3.986915, 26477, 0.031000
52408, 3.991932, 26784, 0.021000
52045, 3.988745, 26557, 0.019000
52231, 3.983762, 26629, 0.028000
52025, 3.986916, 26541, 0.027000
52522, 3.987036, 26802, 0.026000
52535, 3.990639, 26812, 0.023000
52913, 3.995134, 27060, 0.025000
52497, 3.989258, 26797, 0.025000
52955, 3.991081, 27034, 0.024000
52636, 3.991118, 26871, 0.025000
52603, 3.988549, 26844, 0.054000
53288, 3.990083, 27191, 0.025000
53018, 3.990764, 27073, 0.020000
53186, 3.989499, 27147, 0.022000
53362, 3.989699, 27235, 0.026000
52635, 3.986805, 26857, 0.026000
52969, 3.987643, 27029, 0.019000
53147, 3.987870, 27128, 0.026000
53486, 3.992391, 27329, 0.026000
53166, 3.987424, 27133, 0.023000
53417, 3.986563, 27241, 0.025000
53278, 3.986673, 27168, 0.027000
53157, 3.985863, 27122, 0.028000
53909, 3.993956, 27528, 0.025000
53853, 3.989196, 27470, 0.026000
53337, 3.989905, 27217, 0.024000
54024, 3.989660, 27568, 0.022000
54233, 3.994363, 27713, 0.023000
53826, 3.988649, 27454, 0.025000
53784, 3.989077, 27454, 0.026000
54177, 3.989183, 27656, 0.024000
54344, 3.984149, 27686, 0.027000
54004, 3.980716, 27500, 0.022000
54630, 3.994718, 27914, 0.029000
54038, 3.989067, 27568, 0.030000
54718, 3.993484, 27938, 0.020000
54086, 3.988111, 27587, 0.020000
54207, 3.982823, 27612, 0.052000
54763, 3.989447, 27948, 0.025000
54527, 3.987397, 27815, 0.029000
54540, 3.990950, 27837, 0.025000
54591, 3.983973, 27810, 0.025000
54804, 3.987272, 27953, 0.026000
55280, 3.987998, 28195, 0.028000
55183, 3.987175, 28135, 0.023000
55066, 3.988957, 28100, 0.025000
55148, 3.987782, 28111, 0.028000
55414, 3.992336, 28302, 0.025000
55284, 3.988410, 28201, 0.032000
55577, 3.988457, 28346, 0.019000
55607, 3.988148, 28355, 0.027000
55365, 3.988765, 28237, 0.022000
55596, 3.990670, 28355, 0.024000
55510, 3.986752, 28289, 0.028000
55810, 3.986835, 28458, 0.025000
55955, 3.990782, 28545, 0.023000
55827, 3.987199, 28461, 0.024000
56124, 3.990231, 28631, 0.022000
56024, 3.990083, 28599, 0.028000
56101, 3.991559, 28642, 0.025000
56008, 3.989743, 28565, 0.025000
55840, 3.988322, 28480, 0.028000
55951, 3.985576, 28518, 0.021000
56227, 3.989820, 28687, 0.024000
56333, 3.989050, 28723, 0.063000
56552, 3.987195, 28831, 0.028000
56644, 3.989434, 28888, 0.023000
56882, 3.995088, 29043, 0.028000
56775, 3.989657, 28942, 0.026000
56932, 3.991607, 29038, 0.026000
57027, 3.994673, 29114, 0.028000
57223, 3.991037, 29187, 0.026000
56775, 3.983724, 28907, 0.023000
57011, 3.991823, 29092, 0.024000
57483, 3.993989, 29334, 0.026000
57121, 3.989315, 29133, 0.025000
56578, 3.987159, 28840, 0.030000
57176, 3.992554, 29184, 0.028000
57455, 3.990292, 29296, 0.024000
57582, 3.994502, 29392, 0.026000
57254, 3.986592, 29166, 0.024000
57235, 3.987189, 29163, 0.030000
57304, 3.989120, 29213, 0.023000
58031, 3.989393, 29564, 0.028000
57811, 3.988711, 29459, 0.022000
57862, 3.992755, 29522, 0.026000
57770, 3.989359, 29472, 0.026000
58160, 3.991201, 29670, 0.038000
57885, 3.987711, 29508, 0.027000
57793, 3.995790, 29518, 0.027000
58055, 3.992195, 29622, 0.027000
58156, 3.993051, 29672, 0.029000
58628, 3.991380, 29900, 0.031000
58904, 3.991229, 30042, 0.025000
58521, 3.992013, 29845, 0.025000
58533, 3.989120, 29832, 0.028000
58311, 3.988075, 29715, 0.028000
58673, 3.986898, 29886, 0.028000
58831, 3.992313, 30009, 0.023000
58685, 3.990945, 29923, 0.031000
58748, 3.986481, 29927, 0.024000
59175, 3.988619, 30143, 0.029000
59125, 3.991299, 30142, 0.029000
58901, 3.995297, 30074, 0.029000
58900, 3.992945, 30055, 0.030000
59213, 3.992033, 30188, 0.025000
59323, 3.988827, 30252, 0.026000
58881, 3.985934, 29992, 0.026000
58951, 3.988799, 30050, 0.028000
59334, 3.980101, 30165, 0.024000
59468, 3.984989, 30276, 0.026000
59732, 3.991529, 30458, 0.027000
59826, 3.990477, 30496, 0.026000
60009, 3.990821, 30586, 0.021000
59975, 3.991845, 30579, 0.024000
59796, 3.992110, 30492, 0.028000
59722, 3.987709, 30423, 0.027000
60357, 3.992472, 30781, 0.028000
60132, 3.992659, 30670, 0.025000
60244, 3.987638, 30687, 0.026000
60418, 3.990674, 30797, 0.026000
59994, 3.984562, 30531, 0.027000
60315, 3.988981, 30729, 0.023000
60681, 3.989750, 30913, 0.029000
60165, 3.986835, 30642, 0.029000
60464, 3.986413, 30790, 0.025000
61106, 3.992771, 31159, 0.020000
60805, 3.988251, 30978, 0.026000
60306, 3.988356, 30719, 0.028000
60643, 3.987458, 30887, 0.024000
60970, 3.992763, 31078, 0.024000
60956, 3.992615, 31078, 0.025000
61117, 3.986413, 31122, 0.027000
61996, 3.990888, 31587, 0.027000
60930, 3.988710, 31031, 0.028000
61117, 3.989015, 31140, 0.031000
60785, 3.985837, 30944, 0.033000
61570, 3.986435, 31347, 0.026000
61017, 3.990120, 31085, 0.031000
61885, 3.985936, 31493, 0.028000
61701, 3.992199, 31440, 0.028000
61617, 3.988340, 31371, 0.033000
61921, 3.988988, 31555, 0.028000
61562, 3.983860, 31313, 0.024000
61933, 3.990560, 31558, 0.069000
61821, 3.991399, 31500, 0.025000
62040, 3.988363, 31605, 0.024000
61990, 3.988134, 31565, 0.025000
61972, 3.994358, 31594, 0.028000
61772, 3.985810, 31447, 0.030000
62578, 3.989387, 31873, 0.027000
62222, 3.991350, 31715, 0.027000
62385, 3.991469, 31777, 0.025000
62032, 3.988979, 31585, 0.023000
62165, 3.989761, 31664, 0.029000
63097, 3.995463, 32175, 0.029000
62355, 3.986860, 31734, 0.027000
63044, 3.987529, 32092, 0.024000
62525, 3.988704, 31854, 0.030000
62354, 3.984409, 31725, 0.035000
63308, 3.994444, 32265, 0.029000
62886, 3.989044, 32029, 0.026000
63089, 3.990225, 32131, 0.027000
62704, 3.990886, 31936, 0.022000
63020, 3.988113, 32095, 0.028000
63049, 3.988126, 32094, 0.025000
63444, 3.987131, 32292, 0.025000
63574, 3.987435, 32365, 0.028000
63262, 3.990407, 32244, 0.023000
63257, 3.992160, 32230, 0.024000
63888, 3.990507, 32533, 0.071000
63540, 3.990689, 32361, 0.029000
63404, 3.987951, 32275, 0.025000
63345, 3.986616, 32240, 0.024000
63695, 3.991490, 32446, 0.026000
63824, 3.986374, 32489, 0.023000
64233, 3.988060, 32691, 0.030000
64243, 3.989320, 32729, 0.024000
64348, 3.992792, 32788, 0.026000
63877, 3.982931, 32478, 0.028000
64050, 3.990634, 32625, 0.027000
64361, 3.987185, 32750, 0.024000
64122, 3.991573, 32670, 0.029000
63976, 3.985763, 32541, 0.027000
64422, 3.990312, 32809, 0.027000
64990, 3.989922, 33109, 0.030000
64757, 3.992406, 32996, 0.031000
65046, 3.993769, 33140, 0.025000
64577, 3.991890, 32906, 0.028000
64950, 3.993312, 33084, 0.030000
65365, 3.990769, 33282, 0.028000
64999, 3.990832, 33099, 0.026000
65165, 3.986762, 33161, 0.026000
64485, 3.986223, 32796, 0.030000
65026, 3.985608, 33074, 0.033000
65321, 3.992745, 33275, 0.026000
65690, 3.989470, 33443, 0.029000
65508, 3.994215, 33386, 0.060000
66137, 3.989557, 33666, 0.029000
65659, 3.990206, 33431, 0.025000
65392, 3.986800, 33277, 0.029000
65800, 3.991005, 33505, 0.027000
65725, 3.988889, 33449, 0.028000
65793, 3.988253, 33483, 0.035000
65954, 3.987973, 33570, 0.030000
65748, 3.991358, 33476, 0.029000
65365, 3.986101, 33252, 0.027000
65436, 3.986838, 33290, 0.030000
65933, 3.989759, 33564, 0.027000
66363, 3.989007, 33780, 0.028000
66237, 3.989934, 33716, 0.033000
65800, 3.987535, 33493, 0.028000
66422, 3.988768, 33804, 0.026000
66490, 3.993386, 33869, 0.029000
66333, 3.987598, 33747, 0.027000
66427, 3.989151, 33802, 0.026000
66847, 3.993551, 34051, 0.029000
66731, 3.988657, 33966, 0.032000
67009, 3.990631, 34114, 0.031000
66800, 3.986572, 33974, 0.028000
66755, 3.989173, 33969, 0.029000
67107, 3.988915, 34147, 0.028000
67397, 3.992231, 34319, 0.026000
66848, 3.989960, 34030, 0.056000
67080, 3.987538, 34116, 0.035000
66582, 3.984847, 33850, 0.025000
66620, 3.992045, 33942, 0.031000
67482, 3.985344, 34315, 0.028000
67386, 3.989979, 34300, 0.026000
66972, 3.985540, 34068, 0.030000
67723, 3.991643, 34472, 0.030000
67112, 3.987041, 34133, 0.027000
67379, 3.983511, 34253, 0.026000
67289, 3.992519, 34273, 0.032000
68457, 3.988921, 34835, 0.031000
67995, 3.984925, 34569, 0.024000
68106, 3.984858, 34620, 0.027000
68215, 3.988929, 34695, 0.030000
68256, 3.989150, 34728, 0.029000
68666, 3.991988, 34949, 0.028000
68335, 3.987402, 34753, 0.026000
68097, 3.991245, 34669, 0.027000
68510, 3.989181, 34857, 0.027000
68669, 3.989565, 34945, 0.024000
68757, 3.986423, 34947, 0.030000
68497, 3.988128, 34846, 0.028000
68577, 3.985727, 34855, 0.027000
68758, 3.987924, 34979, 0.023000
68885, 3.992322, 35086, 0.030000
69539, 3.993842, 35403, 0.029000
68508, 3.988005, 34838, 0.032000
68813, 3.990247, 35009, 0.030000
68760, 3.987688, 34961, 0.029000
69304, 3.996346, 35306, 0.029000
69517, 3.987848, 35347, 0.028000
68527, 3.984968, 34844, 0.032000
69575, 3.992395, 35434, 0.031000
69074, 3.990654, 35158, 0.026000
69426, 3.986456, 35294, 0.029000
69226, 3.991622, 35235, 0.030000
69823, 3.985705, 35472, 0.027000
69684, 3.989306, 35453, 0.033000
70013, 3.990929, 35633, 0.029000
70096, 3.990684, 35670, 0.028000
69277, 3.983666, 35187, 0.035000
69905, 3.990951, 35568, 0.030000
69880, 3.988799, 35536, 0.027000
70062, 3.987626, 35624, 0.027000
70092, 3.988065, 35660, 0.035000
70351, 3.991076, 35805, 0.029000
70107, 3.990406, 35669, 0.029000
70522, 3.990080, 35888, 0.032000
70775, 3.993535, 36039, 0.033000
70550, 3.988131, 35894, 0.027000
71243, 3.988193, 36216, 0.027000
70615, 3.987588, 35903, 0.031000
71328, 3.991182, 36292, 0.029000
71468, 3.994956, 36380, 0.030000
71053, 3.990901, 36159, 0.033000
71000, 3.988650, 36092, 0.063000
70875, 3.992247, 36083, 0.027000
70986, 3.990346, 36100, 0.029000
71360, 3.989929, 36306, 0.027000
70800, 3.984043, 35977, 0.029000
71634, 3.992954, 36457, 0.031000
71311, 3.991031, 36277, 0.034000
71364, 3.992066, 36319, 0.026000
71642, 3.990404, 36440, 0.029000
71747, 3.993696, 36535, 0.029000
71683, 3.985982, 36424, 0.029000
71269, 3.985389, 36206, 0.028000
71070, 3.983428, 36095, 0.028000
71245, 3.986490, 36209, 0.034000
72196, 3.989712, 36725, 0.032000
71723, 3.984366, 36445, 0.030000
72274, 3.987075, 36739, 0.031000
71850, 3.985597, 36510, 0.029000
71791, 3.989946, 36516, 0.027000
72193, 3.987065, 36681, 0.035000
71601, 3.984939, 36368, 0.027000
72100, 3.984488, 36624, 0.028000
72556, 3.992493, 36942, 0.030000
72431, 3.989317, 36855, 0.032000
72199, 3.987398, 36696, 0.032000
72501, 3.990331, 36868, 0.035000
72412, 3.988681, 36826, 0.028000
72589, 3.988942, 36904, 0.027000
72664, 3.994423, 36995, 0.028000
73001, 3.985526, 37073, 0.028000
72768, 3.987581, 36979, 0.029000
73291, 3.991888, 37291, 0.030000
72887, 3.984899, 37016, 0.033000
73045, 3.984578, 37101, 0.027000
73677, 3.991265, 37469, 0.028000
72665, 3.987262, 36945, 0.026000
73007, 3.987421, 37116, 0.028000
73355, 3.990578, 37318, 0.029000
73434, 3.991483, 37366, 0.035000
73258, 3.987801, 37231, 0.027000
73889, 3.994720, 37612, 0.029000
73125, 3.993826, 37217, 0.034000
74183, 3.990306, 37732, 0.031000
73737, 3.993172, 37545, 0.029000
74064, 3.990391, 37669, 0.032000
74043, 3.988689, 37646, 0.029000
74410, 3.989834, 37839, 0.028000
73920, 3.987022, 37579, 0.031000
74200, 3.991212, 37734, 0.029000
74465, 3.991861, 37866, 0.033000
74296, 3.989436, 37778, 0.030000
73865, 3.988550, 37550, 0.032000
73989, 3.990278, 37621, 0.028000
74659, 3.992815, 37990, 0.071000
74045, 3.985060, 37599, 0.031000
74400, 3.987934, 37815, 0.030000
74472, 3.987484, 37837, 0.026000
74422, 3.989822, 37827, 0.030000
74884, 3.985787, 38049, 0.029000
75278, 3.989362, 38251, 0.029000
75473, 3.990535, 38387, 0.029000
75050, 3.991902, 38165, 0.027000
75102, 3.990160, 38193, 0.030000
75095, 3.990301, 38189, 0.033000
75839, 3.992886, 38588, 0.030000
75582, 3.991404, 38444, 0.028000
75388, 3.988281, 38310, 0.025000
75491, 3.987053, 38337, 0.030000
75282, 3.984313, 38213, 0.030000
75457, 3.986292, 38326, 0.029000
75452, 3.985800, 38323, 0.032000
75792, 3.988875, 38499, 0.031000
76264, 3.993181, 38794, 0.029000
75672, 3.991529, 38497, 0.030000
75863, 3.989405, 38542, 0.030000
76312, 3.993755, 38836, 0.029000
76047, 3.990563, 38666, 0.029000
75729, 3.988994, 38490, 0.028000
76197, 3.990598, 38729, 0.029000
76120, 3.992547, 38726, 0.029000
76906, 3.994526, 39113, 0.030000
75982, 3.984534, 38577, 0.030000
76588, 3.987755, 38928, 0.029000
76163, 3.986765, 38696, 0.035000
76759, 3.991534, 39043, 0.034000
75950, 3.981086, 38514, 0.027000
76998, 3.994362, 39168, 0.030000
76725, 3.986365, 38963, 0.030000
76592, 3.987880, 38907, 0.027000
76805, 3.993160, 39068, 0.028000
76913, 3.989626, 39091, 0.035000
77414, 3.991117, 39345, 0.031000
77422, 3.991671, 39367, 0.030000
76709, 3.986369, 38954, 0.030000
77151, 3.987484, 39190, 0.032000
77535, 3.986539, 39374, 0.031000
77161, 3.985540, 39173, 0.035000
77749, 3.990076, 39519, 0.032000
77553, 3.990879, 39417, 0.028000
77886, 3.994393, 39628, 0.030000
78017, 3.987711, 39626, 0.030000
77814, 3.986382, 39512, 0.031000
77612, 3.985071, 39414, 0.028000
77748, 3.986662, 39492, 0.029000
78135, 3.989695, 39694, 0.030000
77950, 3.987963, 39601, 0.031000
78124, 3.985466, 39649, 0.071000
78692, 3.991058, 39990, 0.033000
78025, 3.992011, 39690, 0.035000
77930, 3.987995, 39580, 0.030000
78852, 3.991718, 40075, 0.031000
78579, 3.992924, 39967, 0.029000
78531, 3.994723, 39967, 0.027000
78798, 3.991998, 40066, 0.030000
78504, 3.991687, 39927, 0.031000
78832, 3.990494, 40064, 0.030000
78870, 3.988264, 40074, 0.033000
78785, 3.987926, 40020, 0.030000
78981, 3.992034, 40162, 0.034000
79172, 3.989498, 40226, 0.035000
79133, 3.987608, 40193, 0.032000
79314, 3.989069, 40287, 0.037000
78948, 3.987495, 40088, 0.034000
79324, 3.989161, 40300, 0.031000
79464, 3.988734, 40373, 0.032000
79365, 3.988317, 40311, 0.033000
79709, 3.994453, 40552, 0.030000
79585, 3.992137, 40456, 0.030000
79390, 3.984680, 40286, 0.032000
79305, 3.986582, 40269, 0.031000
79434, 3.989502, 40361, 0.039000
79949, 3.991711, 40640, 0.033000
79981, 3.991511, 40664, 0.031000
80113, 3.989193, 40707, 0.043000
79740, 3.990594, 40522, 0.027000
80276, 3.991788, 40814, 0.032000
80024, 3.990618, 40675, 0.031000
80116, 3.989193, 40696, 0.034000
80727, 3.988210, 41007, 0.030000
80113, 3.989706, 40710, 0.038000
80762, 3.992584, 41045, 0.033000
80403, 3.988619, 40849, 0.033000
80687, 3.989790, 40985, 0.032000
80355, 3.989153, 40834, 0.030000
81339, 3.992428, 41339, 0.032000
80745, 3.986644, 40982, 0.029000
80854, 3.991336, 41086, 0.033000
80894, 3.991382, 41107, 0.031000
80815, 3.986346, 41016, 0.034000
81428, 3.990895, 41370, 0.030000
81253, 3.986530, 41241, 0.033000
81271, 3.990923, 41293, 0.030000
81296, 3.988979, 41279, 0.033000
81998, 3.989460, 41649, 0.034000
81990, 3.993735, 41674, 0.034000
81776, 3.984642, 41497, 0.031000
80662, 3.986350, 40968, 0.037000
81381, 3.988453, 41334, 0.034000
81476, 3.987315, 41372, 0.033000
81835, 3.992186, 41604, 0.035000
81465, 3.988992, 41380, 0.029000
82112, 3.987320, 41682, 0.031000
81637, 3.988393, 41456, 0.032000
82413, 3.991071, 41894, 0.033000
82287, 3.991411, 41830, 0.030000
82179, 3.992278, 41782, 0.030000
82120, 3.985815, 41667, 0.035000
81955, 3.989472, 41620, 0.031000
81873, 3.988949, 41586, 0.032000
82378, 3.989466, 41840, 0.032000
82479, 3.992357, 41937, 0.033000
82469, 3.989063, 41879, 0.040000
82442, 3.986116, 41846, 0.031000
83078, 3.991277, 42215, 0.030000
82639, 3.986340, 41922, 0.035000
82379, 3.991974, 41865, 0.031000
83080, 3.993714, 42241, 0.026000
82996, 3.992045, 42172, 0.034000
82613, 3.988993, 41958, 0.032000
82963, 3.991803, 42174, 0.033000
82973, 3.989138, 42144, 0.030000
82926, 3.984284, 42061, 0.031000
83168, 3.989208, 42229, 0.027000
83362, 3.988255, 42319, 0.040000
83517, 3.992314, 42446, 0.031000
83206, 3.993341, 42298, 0.031000
83285, 3.985820, 42251, 0.070000
83710, 3.990305, 42522, 0.035000
83781, 3.991600, 42585, 0.035000
83417, 3.985094, 42330, 0.034000
83418, 3.986101, 42351, 0.036000
83696, 3.990930, 42527, 0.037000
83952, 3.988894, 42628, 0.032000
83985, 3.986135, 42603, 0.030000
83643, 3.985083, 42426, 0.030000
84420, 3.988126, 42856, 0.035000
84325, 3.987471, 42797, 0.031000
83747, 3.984864, 42475, 0.034000
84490, 3.989550, 42909, 0.041000
84210, 3.990588, 42779, 0.029000
84560, 3.989698, 42942, 0.030000
84597, 3.992722, 42992, 0.035000
84878, 3.985931, 43066, 0.033000
84926, 3.985068, 43076, 0.035000
84811, 3.987748, 43043, 0.031000
85159, 3.994007, 43287, 0.032000
84725, 3.993505, 43062, 0.031000
85142, 3.994006, 43290, 0.033000
84478, 3.986561, 42887, 0.032000
84787, 3.986951, 43024, 0.038000
84857, 3.989978, 43095, 0.030000
85489, 3.986516, 43359, 0.032000
85376, 3.987373, 43315, 0.034000
85260, 3.987587, 43272, 0.035000
85695, 3.989748, 43517, 0.034000
85351, 3.988519, 43343, 0.070000
85719, 3.991668, 43536, 0.030000
85789, 3.984684, 43489, 0.037000
85707, 3.990316, 43511, 0.040000
85767, 3.988541, 43540, 0.030000
85910, 3.990574, 43638, 0.033000
85915, 3.991750, 43640, 0.038000
85269, 3.990377, 43313, 0.031000
86136, 3.990629, 43749, 0.035000
85979, 3.986882, 43635, 0.031000
86353, 3.987885, 43827, 0.031000
85864, 3.987636, 43572, 0.032000
86647, 3.987282, 43973, 0.033000
86918, 3.988357, 44109, 0.036000
86629, 3.990270, 43990, 0.034000
86044, 3.986784, 43658, 0.034000
87361, 3.997137, 44416, 0.032000
86177, 3.986804, 43715, 0.029000
86560, 3.986667, 43897, 0.033000
87023, 3.990886, 44207, 0.037000
86775, 3.988626, 44031, 0.032000
86914, 3.989222, 44120, 0.034000
86457, 3.983541, 43828, 0.033000
87295, 3.988663, 44308, 0.032000
87020, 3.992104, 44197, 0.026000
87767, 3.993181, 44592, 0.039000
86931, 3.988275, 44130, 0.035000
87105, 3.987541, 44209, 0.030000
87447, 3.990084, 44394, 0.038000
87424, 3.987702, 44363, 0.033000
87561, 3.987562, 44420, 0.036000
87831, 3.994170, 44647, 0.033000
87732, 3.994640, 44595, 0.034000
86825, 3.987881, 44081, 0.035000
87542, 3.990399, 44448, 0.035000
87953, 3.990436, 44655, 0.034000
88374, 3.992846, 44875, 0.036000
87639, 3.986571, 44459, 0.036000
87570, 3.986394, 44422, 0.038000
87814, 3.988148, 44562, 0.035000
88232, 3.987486, 44762, 0.031000
88105, 3.989831, 44725, 0.033000
87898, 3.988869, 44608, 0.034000
88320, 3.991376, 44864, 0.032000
88742, 3.990091, 45055, 0.043000
88455, 3.990124, 44901, 0.034000
88656, 3.988652, 44987, 0.036000
88397, 3.985806, 44820, 0.033000
88968, 3.991262, 45172, 0.034000
88377, 3.988039, 44857, 0.036000
88768, 3.985674, 45011, 0.031000
88812, 3.988281, 45090, 0.033000
89087, 3.992606, 45274, 0.033000
88983, 3.990260, 45165, 0.031000
89399, 3.987810, 45350, 0.035000
88796, 3.985494, 45036, 0.029000
89821, 3.994027, 45636, 0.032000
89103, 3.989559, 45213, 0.038000
89494, 3.989080, 45438, 0.064000
89123, 3.988017, 45217, 0.030000
88353, 3.981041, 44743, 0.040000
89274, 3.985806, 45281, 0.037000
90152, 3.989661, 45748, 0.033000
90036, 3.988008, 45662, 0.033000
90070, 3.994209, 45759, 0.032000
89420, 3.989156, 45366, 0.035000
90084, 3.990662, 45745, 0.035000
90270, 3.988646, 45806, 0.032000
90166, 3.991441, 45781, 0.034000
89730, 3.986807, 45523, 0.032000
89963, 3.988821, 45657, 0.037000
90741, 3.991615, 46063, 0.029000
90534, 3.989213, 45944, 0.032000
90624, 3.990748, 46019, 0.035000
90561, 3.986294, 45916, 0.035000
91004, 3.993888, 46231, 0.040000
90463, 3.987475, 45886, 0.034000
90773, 3.991210, 46105, 0.033000
90570, 3.989651, 45983, 0.035000
90378, 3.984722, 45820, 0.033000
91269, 3.989977, 46317, 0.033000
91041, 3.989386, 46191, 0.037000
90458, 3.987971, 45889, 0.032000
91702, 3.990700, 46541, 0.041000
91365, 3.988708, 46348, 0.041000
91299, 3.989569, 46346, 0.034000
90925, 3.985695, 46115, 0.035000
91733, 3.987442, 46532, 0.030000
91271, 3.986499, 46278, 0.039000
91717, 3.991335, 46573, 0.035000
91329, 3.989968, 46357, 0.035000
91693, 3.990450, 46550, 0.035000
91711, 3.991029, 46566, 0.040000
91881, 3.990496, 46622, 0.039000
91463, 3.990908, 46425, 0.035000
91537, 3.987961, 46453, 0.036000
92178, 3.989672, 46753, 0.032000
92139, 3.988086, 46743, 0.040000
92235, 3.988255, 46777, 0.036000
91920, 3.990037, 46645, 0.034000
92268, 3.991353, 46856, 0.033000
92093, 3.986345, 46702, 0.034000
92152, 3.988744, 46756, 0.033000
92202, 3.985123, 46761, 0.033000
92956, 3.991557, 47182, 0.035000
92349, 3.988891, 46853, 0.041000
92856, 3.989813, 47116, 0.034000
92165, 3.988699, 46747, 0.038000
92626, 3.992686, 47045, 0.036000
92727, 3.989700, 47054, 0.039000
92824, 3.988027, 47066, 0.031000
92712, 3.988289, 47022, 0.038000
93014, 3.987961, 47173, 0.038000
93191, 3.993262, 47314, 0.038000
92563, 3.986184, 46919, 0.035000
93592, 3.986288, 47445, 0.034000
92639, 3.985029, 46961, 0.037000
93146, 3.987636, 47221, 0.038000
92723, 3.986290, 47010, 0.033000
93507, 3.988130, 47435, 0.033000
93562, 3.989557, 47475, 0.038000
93801, 3.985230, 47529, 0.034000
93763, 3.986392, 47541, 0.037000
93773, 3.989242, 47578, 0.039000
94346, 3.990018, 47860, 0.034000
93933, 3.990778, 47656, 0.034000
93246, 3.984638, 47268, 0.034000
94058, 3.986843, 47698, 0.035000
94145, 3.992301, 47812, 0.036000
94627, 3.991804, 48042, 0.035000
93875, 3.988947, 47618, 0.042000
94276, 3.987810, 47806, 0.035000
94578, 3.991650, 48004, 0.037000
94648, 3.989101, 48015, 0.032000
94092, 3.989819, 47739, 0.033000
94615, 3.987096, 47953, 0.034000
94590, 3.987729, 47944, 0.034000
93863, 3.982844, 47548, 0.069000
94651, 3.991189, 48039, 0.036000
94848, 3.986726, 48073, 0.040000
94730, 3.988339, 48038, 0.036000
94464, 3.987357, 47889, 0.036000
95290, 3.987494, 48306, 0.034000
94740, 3.987874, 48024, 0.032000
94992, 3.987140, 48154, 0.040000
94941, 3.985602, 48119, 0.046000
94938, 3.989450, 48162, 0.033000
95250, 3.987991, 48297, 0.040000
95529, 3.989072, 48451, 0.041000
95365, 3.989678, 48389, 0.032000
95462, 3.990648, 48442, 0.043000
95497, 3.988519, 48417, 0.037000
95401, 3.989943, 48380, 0.033000
95317, 3.987794, 48319, 0.037000
96046, 3.991365, 48753, 0.034000
95990, 3.988071, 48688, 0.036000
95797, 3.986789, 48574, 0.035000
96817, 3.993629, 49165, 0.036000
95886, 3.989069, 48641, 0.035000
96309, 3.990021, 48845, 0.032000
95741, 3.986384, 48546, 0.038000
96542, 3.988857, 48956, 0.035000
96596, 3.986537, 48947, 0.033000
96316, 3.990859, 48857, 0.035000
96333, 3.986245, 48813, 0.035000
97283, 3.991631, 49369, 0.077000
97002, 3.993180, 49241, 0.038000
96351, 3.987378, 48852, 0.038000
96955, 3.988791, 49166, 0.037000
96812, 3.987222, 49071, 0.036000
96638, 3.987301, 48988, 0.037000
96808, 3.990036, 49118, 0.042000
96844, 3.987927, 49114, 0.045000
97430, 3.990811, 49444, 0.034000
97111, 3.988646, 49271, 0.041000
97687, 3.991047, 49578, 0.040000
97116, 3.990875, 49262, 0.040000
97555, 3.988266, 49464, 0.034000
97450, 3.989105, 49399, 0.043000
97663, 3.989492, 49537, 0.037000
97415, 3.989212, 49401, 0.043000
97585, 3.991156, 49516, 0.037000
97923, 3.992479, 49691, 0.033000
98288, 3.990673, 49861, 0.042000
98868, 3.994024, 50183, 0.041000
97636, 3.989796, 49521, 0.040000
97920, 3.990856, 49680, 0.043000
97933, 3.987581, 49652, 0.038000
98699, 3.990013, 50044, 0.039000
98092, 3.993052, 49789, 0.039000
98376, 3.989934, 49880, 0.038000
98585, 3.985916, 49940, 0.037000
98126, 3.989192, 49775, 0.042000
98468, 3.993128, 49980, 0.039000
98565, 3.993762, 50047, 0.037000
98513, 3.988776, 49958, 0.039000
98525, 3.986731, 49913, 0.042000
98727, 3.991268, 50078, 0.035000
98885, 3.988577, 50139, 0.036000
98791, 3.990689, 50119, 0.042000
99034, 3.989061, 50228, 0.036000
98477, 3.984695, 49896, 0.038000
98647, 3.985244, 49960, 0.035000
98893, 3.989710, 50157, 0.034000
99402, 3.991110, 50439, 0.039000
98847, 3.986849, 50104, 0.035000
99485, 3.990261, 50468, 0.043000
99894, 3.990125, 50666, 0.034000
99245, 3.988911, 50315, 0.036000
99767, 3.988861, 50575, 0.037000
100089, 3.989335, 50777, 0.042000
99742, 3.991995, 50624, 0.037000
99431, 3.984694, 50367, 0.043000
100307, 3.990360, 50872, 0.082000
99666, 3.987917, 50516, 0.034000
100040, 3.990782, 50729, 0.036000
99561, 3.984734, 50414, 0.037000
99730, 3.984961, 50523, 0.034000
100134, 3.990522, 50800, 0.035000
100382, 3.987878, 50876, 0.035000
100311, 3.988834, 50860, 0.042000
99389, 3.984095, 50350, 0.038000
100666, 3.990479, 51067, 0.036000
100452, 3.988194, 50912, 0.036000
101538, 3.996897, 51573, 0.038000
101044, 3.991101, 51257, 0.035000
100991, 3.992337, 51234, 0.037000
101130, 3.988938, 51282, 0.039000
100686, 3.990258, 51058, 0.036000
